name,filt_mean,filt_std,filt_median,filt_IQR,filt_max,filt_min,raw_mean,raw_std,raw_median,raw_IQR,raw_max,raw_min,apg_mean,apg_std,apg_median,apg_IQR,apg_max,apg_min,vpg_mean,vpg_std,vpg_median,vpg_IQR,vpg_max,vpg_min,jpg_mean,jpg_std,jpg_median,jpg_IQR,jpg_max,jpg_min
S001_128,-6.569872832139195e-05,9.415559739017489,-0.024282161792351806,2.115805553840711,167.11699611589145,-120.00271121962942,6.925685224156123e-15,13.292597140897689,-0.0101734797585166,2.3170040395158877,195.370105631783,-236.174898055547,4.486849118827474e-08,0.07438011957637057,3.6975995797175476e-05,0.01304365272661034,1.2903751385348947,-1.496633697574687,4.390318350744588e-07,0.7050616858973208,-0.02400667053735555,0.1420815279398786,12.650514247452794,-12.298421151351182,5.83533089572547e-09,0.009676146159585118,7.040647391658161e-05,0.001413341421200369,0.17963619293441102,-0.17009604442821002
S002_128,-4.490240922850415e-06,2.4751199417384937,-0.08124987250130022,2.005057540392567,29.511427716392703,-32.740891085901374,-9.561224203548244e-15,3.2309951054144808,-0.0225902695685617,2.338324344619,33.522386856883,-48.4081265132571,1.8495838446085184e-08,0.016954220528567293,0.00010222232196169245,0.016735486994152636,0.18485787083717753,-0.18744562323193747,7.117974899679726e-07,0.1741508675217877,-0.01056525201812325,0.15942185656424898,1.809914783127705,-2.0495049821767157,5.172327308426579e-10,0.0020482735070609785,2.0479891794877858e-05,0.0021461326405811075,0.022607503994635514,-0.018594865643077052
S003_128,0.00017254814936444086,18.143404761424154,-0.033426762771904754,2.4903690401133365,300.0184862217039,-341.72838859043577,1.3466481018727996e-14,25.434917386229206,-0.0027999101859657,2.5077411147339053,482.089074845396,-509.275654777422,3.446151749803535e-09,0.10340849453032072,-0.00038465452773206454,0.01119400183007603,1.7827241730378063,-1.8403360451513606,1.1097546976043405e-06,1.1732095283234705,-0.02218721859471351,0.1355367769415525,22.65637766567765,-23.88404920921497,1.114933420794637e-08,0.011824279993820264,5.7901805704391185e-05,0.0011347548378307093,0.22233121343357087,-0.21695861149102402
S004_128,0.00036030604609073086,17.2185093295187,-0.03844410752478193,3.5238554611125217,241.96766420329493,-254.44690085726376,-5.665317670384519e-15,23.74574405644724,-0.0401817135454784,3.0672051194045302,339.225949881679,-258.657640597909,-4.688483661883447e-08,0.09979924101952124,8.271377359472809e-05,0.019207538946394043,1.2829596758966986,-1.1054653899551958,6.119306248764687e-06,1.1198135855431908,-0.017245052477448397,0.20822135606260048,13.421896629772252,-13.481950627724084,2.048524989913554e-08,0.011545908392436058,2.5813342312552834e-06,0.002045976936370965,0.1431825180485813,-0.1366703943503751
S005_128,0.0002437022552073085,9.70732654211495,-0.013395073002401581,2.1901524497752125,143.87220090977468,-161.4900307399365,-3.3186715615715676e-15,12.69946522026606,-0.0196339108581843,2.3584007396866724,225.916196281799,-224.446924919614,4.0568430237125214e-08,0.05819166959537514,9.536625174882962e-05,0.013436349307985419,1.0592084923437426,-0.9929354238815229,3.764596541152578e-06,0.63262752413316,-0.020747416761864007,0.1463009047887287,10.039184357104261,-10.258117597943478,4.614091469594452e-09,0.0068441194540206345,7.146295182819049e-05,0.0014531682605398374,0.11369774365289942,-0.12888756185422334
S006_128,9.202074256841738e-05,4.117205957283303,-0.08315561321357338,2.1072472906813315,89.07502696047118,-72.7098408556769,3.804289343564597e-15,5.3267841942073595,-0.0697891528033738,2.23479964732502,142.967453142542,-105.726862967637,1.940527002415345e-08,0.027251230219643954,0.0001679008790013703,0.011196450126235186,0.5078690939704824,-0.5317347009842166,1.2326156118326084e-06,0.28673374191214496,-0.027454847192864187,0.12817074357485725,5.668097535450432,-5.746133649596351,-1.0148294125157743e-09,0.003251065153797152,-1.3498848137095953e-06,0.0013392113070742062,0.06979674513871437,-0.06228144776081468
S007_128,-6.09342284605183e-05,10.624742400831183,0.006145252337901546,1.8927331765842812,194.44914608832931,-164.52531815185228,2.4107215156958487e-15,13.929624641903128,-0.08404008444768785,2.36052221976532,281.585121352316,-226.977475107615,2.3220973704530455e-08,0.0773679927277292,-0.0002912322929342695,0.013166337632833605,1.3721007549869029,-1.4052903619770554,-7.359491680989692e-07,0.7573459571165274,-0.013686876348977833,0.13274034793708775,14.413581796354777,-12.42502641978723,2.0849949088091916e-09,0.009743457744921814,6.387022201021636e-05,0.0014522809811268527,0.20306666369150106,-0.20424442526002684
S008_128,-0.0001049769977824177,2.23118747909387,-0.025638297807517363,2.0432528462831234,23.838164172534917,-19.52752558215836,-5.6787384362871164e-15,2.995982503808733,-0.00575096491080779,2.2797027376032,29.7656391467462,-33.1333073599693,1.8435779247171294e-08,0.012680735201806832,2.6599496202373007e-05,0.0103895057178503,0.20612703452690173,-0.1483043909944355,-7.383313813384948e-07,0.14477193145464265,-0.021495454789403623,0.1253793691416426,2.039756331456766,-1.3807145830902074,4.956864441376999e-09,0.0014343701934069481,6.067567127276269e-05,0.0010909163486805332,0.023473355529882278,-0.02340975257753375
S009_128,-8.16753207078632e-05,2.153737068331332,-0.08094127049690399,1.9135086423343766,19.155409664123113,-22.180600233076795,3.3845447296244327e-15,3.1180702641220033,-0.0248517489102733,2.25232852149019,36.6868269984342,-40.8439621585918,2.0668992282707373e-08,0.02036097326317225,0.0002196951717106932,0.01564068087538137,0.19591246084290415,-0.19188572687936212,-1.368860456788967e-06,0.1810207530285498,-0.015844967287133166,0.15231382747188404,1.750645235602244,-1.59271308930346,2.0519308366225992e-09,0.0026987856868230147,1.8664781121190133e-05,0.002111080325823342,0.027960178452534012,-0.028595332974841847
S010_128,-0.0003362562840571147,3.3793745332549423,-0.07428295282659528,2.300477261297078,38.67955591236239,-48.07681596936518,6.7926548081294266e-15,4.643834609440189,-0.0222717586038388,2.656560065748655,64.3098389041288,-60.1489032080298,2.0179704996217427e-07,0.025040328507438297,0.00030567375842595335,0.019672884251142952,0.4131703076882953,-0.39887100557784017,3.997533243817029e-06,0.24662327404152798,-0.016553191241615563,0.1861486488427815,3.193913439362298,-4.325728291550636,2.5013166727645847e-08,0.003137151846952115,3.677766695589675e-05,0.0028360171067254424,0.05065317616510168,-0.042145452115611715
S011_128,-4.5819159871851024e-05,2.4677137343351903,-0.01759072092490068,1.8233893942770156,28.773200087959573,-26.8486445412863,-3.1486809055658187e-15,3.2671848353622948,-0.0287521649721902,2.2463853591970704,38.9544882933137,-38.8749855545264,1.679652623273591e-08,0.015508080809102797,-0.00024142569377318124,0.007796666761995634,0.1680270714306662,-0.20624936602469557,-1.1109538412211167e-06,0.16549546762801784,-0.015764823629365488,0.09645080221075819,1.7043994658924224,-2.0832287237986873,1.7461449305082694e-09,0.0018546798810087823,3.790698185225996e-05,0.000823914730774658,0.024100595708798078,-0.02392339646477809
S012_128,-4.747192311995317e-05,2.184050908655037,-0.0533672040931039,1.9286995668082554,22.804527186202897,-33.87839929668622,-1.586313617078762e-15,2.848296491196276,-0.0353928917200397,2.22376252141847,33.9910323176108,-60.5410961612139,1.703292805788977e-08,0.015328804032265055,-6.53434702528391e-05,0.01070562970338712,0.19667741494166435,-0.18036752709187587,-8.649982587242926e-07,0.15523848481359023,-0.015573174704285986,0.11118968357147352,1.657119707712756,-2.085301382096013,1.6092510813883665e-09,0.0018775102872872595,2.267137314859724e-05,0.0012630668117236486,0.02429143257651617,-0.021750001549188935
S013_128,0.00024783148722836595,5.322952598247693,-0.029018555272036152,2.1490772659371187,72.06619861958028,-123.38219710697442,1.1052180532515091e-15,7.381513580223328,-0.00732897455228871,2.3727932750614302,118.030969031552,-183.40071894841,4.6805665246787196e-08,0.0274692109741476,4.715822588613472e-05,0.0100059698970945,0.7963871545485262,-0.6261535948959072,2.720217920014465e-06,0.32013341053385436,-0.019059970863483572,0.1163262981197074,6.422085813078052,-8.632410646299588,-1.6781013868140298e-08,0.0031014188401759387,7.5033497365633445e-06,0.0012042888666356092,0.08960374836476426,-0.06287222302520235
S014_128,-6.556323628111698e-05,2.547522226394522,-0.008367366361038343,2.1258991801151463,23.78075639851381,-22.77354014198311,1.1029065931498221e-14,3.603196651476027,-0.0137326539610427,2.34150304749694,39.0119676863483,-35.9376486697938,5.153382150459305e-08,0.021505666326087237,0.00021474610878854938,0.015092064940105232,0.262982971649806,-0.2688066614822766,-1.741855620773196e-08,0.20051601014414736,-0.022410749062558244,0.1581125742531744,2.0309350288511903,-1.9687904752968939,5.292699678761191e-09,0.0028124869577443733,9.250992502094629e-05,0.0017031176738821832,0.038418639193896986,-0.037592090787409604
S015_128,-4.487630925173607e-05,18.6089323614723,-0.07554404581601798,3.6921445931201378,244.1689827055133,-157.79028395589694,-1.2095570789733424e-14,24.645720686607792,-0.0655884825578103,3.1081981174360047,271.740037916008,-255.550254084128,-1.5448803768133452e-09,0.12755449832023197,0.0002258626686663101,0.022641009740422074,1.4649423500840584,-1.9827012120542662,-1.5227271153499435e-06,1.2873211444209325,-0.024421612025221084,0.23555482822518575,14.064756140890381,-18.549435030741222,3.076082754386866e-10,0.015921064555652994,9.80674313194596e-06,0.002580890062075167,0.24319301031012142,-0.19732780249492698
S016_128,-3.138510825963799e-05,2.9686161061828633,-0.05915841430644524,2.0152938862698297,43.70831009900182,-36.74053938463447,4.457726716772316e-15,3.9659011443628427,-0.011521930378331251,2.245291503199545,50.9547436889316,-57.6925611614251,3.676576725542178e-08,0.02187007251938359,0.00019122693836148667,0.017318279686264915,0.30342043820157194,-0.34161608606802485,-9.785762963446115e-08,0.2175131990518662,-0.013398790090159715,0.1613665439571296,2.5693482551549653,-2.916410573598834,4.391236832901008e-09,0.0026988604260447437,3.118717859074138e-05,0.002320078364833675,0.04413599735481133,-0.040313322660253004
S017_128,-5.366750359466865e-05,1.7606988703427542,-0.07499599164709947,1.784366295685382,17.603284465873145,-15.265647651923356,6.527150366428709e-15,2.234425590394937,-0.02458616102255315,2.06365357041125,25.3825623650511,-19.8732321042236,4.497699854062604e-08,0.014147666874356675,0.0001929437038911113,0.016864889101154815,0.10114720840668134,-0.11030126893784598,5.248960252494635e-07,0.1334106525186421,-0.018981960898933146,0.15226905297943133,1.179857183019028,-1.2396118834465917,4.835949061174571e-09,0.0018572802048638626,4.71277338366799e-05,0.002595522730764002,0.013739224636045932,-0.013607266598987477
S018_128,-0.00015454973213824676,9.624444280489502,0.00010292458508517465,2.2483041709758353,195.0279383654975,-161.44071503727744,6.437460056798317e-15,13.159641131062696,0.04951439018692305,2.3812420935778227,212.483154210455,-219.781052797115,3.500949245120089e-08,0.05825859815016041,-0.0005985488171987574,0.009721968792583894,1.038770663198683,-0.9432015373038283,-1.5942646737441843e-06,0.640962363817061,-0.021473048440293074,0.12262452927324172,11.829460201041995,-10.287836617355666,-5.396232263368641e-09,0.006769752308904013,8.381533959836603e-05,0.0009698642711577594,0.12201104848605948,-0.12996576547387395
S019_128,-0.00015012021512911142,7.090126871367829,-0.06317229385611059,2.538358412134514,73.02149528132175,-78.98573709918087,-1.9182914002616253e-15,10.817922729460433,-0.0629743836950124,2.686410679608295,139.428565004942,-141.175196698761,3.102043869551437e-08,0.06577477543894053,0.00027496251569749525,0.019482614503254194,0.8464551330468932,-0.9248921025124801,-2.065830231772027e-06,0.582330841508441,-0.022122016943493444,0.18630312486897294,6.715335106503674,-6.662264677484043,-6.264150952892476e-09,0.008786340686017554,2.243216538649201e-05,0.0023558675827814075,0.13053620741148952,-0.1203133941392247
S020_128,-1.6373044421535e-05,6.2937970419220886,-0.0261014853984273,1.8755026618312187,127.5861673705778,-121.09830960717434,5.07584706769428e-15,8.111516932070426,-0.091760518336623,2.16170155015178,220.736865259675,-163.795578617225,1.5846490210207817e-09,0.0403855039208443,0.0005163933737233617,0.01754389865470888,0.791962404607613,-0.9079863199338405,1.1590920754891956e-06,0.4316626075187436,-0.01315182448222807,0.16682402373308455,10.468545635936332,-8.763234055238254,-2.664998372028547e-10,0.004701279652547413,0.00011596255664647614,0.002005096244248057,0.09267683156831685,-0.09695044037168787
S021_128,-9.05632713813609e-05,7.282616152644197,-0.0733408527234323,2.1367284690776716,151.93437663235122,-138.31690802780037,-5.6267637474657844e-15,9.461766873791202,-0.0321352460089833,2.34939317071829,216.754731436751,-178.896338017718,4.962629708266467e-08,0.05402314577508644,0.00010220046868500421,0.016531693630445425,1.1560978868881122,-1.3702193647846101,8.884992905151371e-07,0.5369215581156873,-0.01621750656307129,0.16392413095821112,10.247031095049135,-13.173409734378602,5.629473482606635e-09,0.0067067478665336425,2.346067121877446e-05,0.00222229737116552,0.14885536931701893,-0.16059059667456133
S022_128,-5.473974984137656e-05,1.9166021270949654,0.023290598619010526,2.021558518632856,25.81626661252092,-26.123308053932803,-1.2505887811651768e-15,2.4434988114633622,0.0521987791423991,2.1811531867159273,30.5879930872971,-39.2173652590065,6.89467294121773e-09,0.01209256449443419,-0.00043976325373498715,0.007789302481335719,0.21952604932901654,-0.21926775750823158,-2.1111891530226655e-07,0.1276826713590989,-0.01941050259990007,0.10234468570981944,2.416557485026951,-2.139847506367395,1.1816745489689798e-08,0.001467109972021599,4.628226052608847e-05,0.0008220144333743393,0.027320941538507948,-0.030735215324907972
S023_128,-4.520167231563304e-05,8.957894040910793,-0.04894416018829665,2.353119942092711,130.05541686433844,-132.2861768712573,2.239037839469169e-15,12.86756257420101,-0.03003912272683235,2.583487048518185,275.491187767075,-193.032037005405,2.050031026324636e-08,0.05721876956680943,-0.00020000495937210622,0.015072897604365424,0.9616757313913205,-0.9360184637074056,-4.810720777497163e-07,0.6109160141684038,-0.01610525073946497,0.15152767812520318,8.261412968904814,-8.481024942940742,1.8916844349659096e-09,0.006855176019936886,3.307074775431946e-05,0.0017915167585088646,0.11978020945070167,-0.11815024627912818
S024_128,-0.0007303876065356366,5.034009165741106,-0.07957495217754551,2.0359436724188757,96.14984814734282,-83.26623549129098,1.4535451558101028e-14,7.025670682027185,-0.0227425921114251,2.25478963677787,124.967406262803,-98.9318755487679,3.213363470080592e-07,0.028914959223893224,0.00010717889508950543,0.017991640298995755,0.4873475239140994,-0.6984967575451648,-3.6059567451600265e-06,0.3227249723804912,-0.018079473819977356,0.17293246044036664,6.194224508430786,-7.070656498026333,2.8497185705647475e-08,0.0033929494970802677,3.451535090095558e-05,0.00274672780629335,0.06605711394921632,-0.06865505017183526
S025_128,-1.580516406881132e-05,1.7112008155501863,-0.060995016261673425,1.7356095718972706,17.857479350614458,-14.692817565476181,4.696375512502231e-15,2.199827334581668,-0.0290896947670052,2.014027666284486,24.9913603501306,-22.8270051860454,9.103428328610953e-09,0.01449789366402665,9.397827949414461e-05,0.017844343080451935,0.13732880802368053,-0.14550441252400326,7.251628047282122e-08,0.13503455079156168,-0.012502429700625373,0.15312861268682748,1.488223903982334,-1.1483907199410721,7.494465747381143e-10,0.0018527815202459233,2.4599138565339906e-05,0.00246594626750693,0.014841824619444055,-0.01803255259724279
S026_128,-4.9077833280338554e-05,6.383591167723979,-0.06389913718431925,2.0183310065014477,83.0841653575047,-83.06219445999336,4.4419446298894645e-15,9.27541242193724,-0.0324437676087016,2.409445457234915,136.142521029633,-153.300409076849,5.87040604507703e-08,0.03660723635916517,0.00038336235993131906,0.018836719816677904,0.5359315037836279,-0.4997167580112638,6.651374501017156e-07,0.40695223919734075,-0.018582698399655595,0.16972651526960758,5.2790266247479325,-5.679434675989614,5.4289117511689e-09,0.004302554131214754,1.3681046185903822e-05,0.0028397336118568105,0.06893876125129128,-0.06282590724089276
S027_128,1.643328817028813e-05,2.8355222977863486,-0.05137544832055371,1.562312609007236,33.960818109281874,-33.05040649512182,3.5848746354583205e-15,3.959405378576747,-0.0897817400833482,2.23568181918207,65.3181310517789,-50.1708953499107,-7.60968975904122e-09,0.022158568084013303,7.91374429225597e-05,0.01017936719311195,0.2950720200190231,-0.2906045262903625,1.0307287877819082e-06,0.21488077696618096,-0.01336618080519103,0.1064324757868519,2.8954307950296734,-2.6847885213859337,-9.402220658954748e-10,0.0027798832249538827,1.950628083677297e-05,0.001181714262094069,0.035229814204880805,-0.038113908155188225
S028_128,-6.442978270628384e-05,7.541572951230566,0.023233767229722806,2.386325764775209,154.62820828872898,-144.4277625497748,6.2412566786123635e-15,10.623579345816315,0.055129421291634,2.47583145746622,214.611695542291,-199.009047449642,2.1472566433423146e-08,0.03935093690890089,-0.00039115865927216026,0.00864313045832743,0.6455224837129236,-0.6282344055355154,-8.344856262304164e-07,0.46436050155162945,-0.018284438446893092,0.11335799299069077,9.106769664865524,-8.084383545583695,1.8185170321539314e-09,0.004322251887967087,1.9896387715698238e-05,0.0008807803539894188,0.0805982702000887,-0.07190450781130764
S029_128,-8.852932004304177e-05,14.99902087467915,-0.057250452280430825,2.3459116816985444,296.7893634591559,-366.85166579456677,8.22627489968756e-15,21.896110497152456,0.0146626640343702,2.4796181407443,627.595770147794,-581.177547400369,1.143237515194579e-09,0.09531665215558104,-0.00018978129810809374,0.017382493915491404,1.9817028568567139,-1.7924406349966944,-9.042749909767712e-07,1.0184857516394867,-0.014993857735614066,0.16598631677053582,25.035330548437315,-18.35840253291076,-2.8710714413458178e-09,0.011465536702578416,6.316054279675853e-05,0.0020934800940722864,0.24483587356831782,-0.22480327444355286
S030_128,-5.072883963597234e-05,15.256463996645131,-0.07027768571844391,2.3132809121397373,216.7401832390371,-309.5941164220305,-5.033906835680323e-15,20.229997818096855,-0.0835828283191737,2.4482091800040005,280.329374234776,-391.249091627796,6.174345556320256e-08,0.08595660645431251,0.0002840192358539717,0.01553029493443376,1.427149553438685,-1.5213323434375852,5.909996319894326e-07,0.9534094153127298,-0.021974261289125274,0.16285454412665726,13.143690712005665,-15.605921352536713,-2.229028827760113e-08,0.010125320048584978,3.757171455875258e-05,0.001884837481885969,0.1988257782317846,-0.17673135955742802
S031_128,-5.048955568819068e-05,11.663975551494614,-0.07971565388019541,2.1876650168047753,196.41270725283272,-187.31388451996264,4.116359064389825e-15,15.823360929123146,-0.0756086266373759,2.32760001846701,252.418536487305,-338.393266576863,1.4089236262636758e-08,0.06291418662531323,0.00022321311798323418,0.012721810837856784,1.1722383965007737,-1.1901230811164112,-3.608354365908366e-07,0.738470781796816,-0.024467295642318858,0.13879440344989513,11.734259091764724,-12.334425392128257,1.4047402465529512e-09,0.0070234262173265605,6.938143515766715e-06,0.001493359991959542,0.16294285812395692,-0.12530192538567242
S032_128,0.00023408688189980532,2.275106161583974,-0.06704840790409958,2.0621328294147068,19.795628469794135,-20.404992614553063,1.111623174757255e-14,3.075653584127789,-0.0753055564142822,2.28150338473412,24.5069678798895,-30.0428582888279,6.243986282283875e-09,0.01595710094969243,0.00017255277078824516,0.010982199699957295,0.18667088304678936,-0.1570550127414383,2.7923724902457125e-06,0.16080856300271346,-0.027891962831771533,0.12107374462381043,1.625111234908923,-1.6005769512362713,7.1089601123892505e-09,0.0019788482235455944,1.0720107244968635e-05,0.001319900183715375,0.023441979353313158,-0.021686095556478602
S033_128,-2.3799715448058396e-05,3.0829209181977024,-0.001670652124041827,1.897084778461605,30.802803310208724,-32.191796785837795,5.41132731850816e-15,4.282039447865477,-0.0271654594476844,2.32871452540392,42.1499716887824,-48.5662604821342,2.4839897464635714e-09,0.019379913481175227,-6.292855988747348e-05,0.021187228416023274,0.19307362892642477,-0.17899500727305284,1.198860303380819e-06,0.20833443119806408,-0.0019208893812174832,0.1931495074609126,2.058482280473376,-2.1484809924003736,1.2856209823577507e-09,0.0022324481354528344,2.196407383261989e-05,0.0023762181409051307,0.0239678439264569,-0.02155717515955613
S034_128,-6.01466681197173e-06,5.452456259135614,-0.049380960536485066,1.9806920501583283,87.58287252251412,-76.35483318860445,-8.254666744518054e-15,7.681769923258396,-0.0370536399609088,2.26869256574641,128.21246132512,-100.710883309743,-8.996365288870305e-09,0.025948183569425153,-0.00013300212098108985,0.01170863584610676,0.5446227978976914,-0.6376956029367804,-9.74654642246677e-07,0.3187058379931917,-0.015773441431839938,0.11960786776055962,5.99883321648106,-4.97158335864836,-1.0597464457617e-09,0.002837153241605405,2.73200448027075e-05,0.001452600245679299,0.06796444935125123,-0.08551427220295604
S035_128,-0.00012321363335573814,2.3526050634824807,-0.03845202075182813,1.8599971127474533,28.37184170387114,-23.181394284332846,2.2686787812731137e-15,3.1376589375886086,-0.02424581726517465,2.18805883778779,38.6287067508203,-41.519805034205,1.657020448207489e-08,0.015702338944740785,-7.560101746374032e-05,0.01196142895618909,0.2012609257090192,-0.20897325215954687,-1.7685465526516538e-06,0.16235898747875005,-0.017129194493963662,0.11500347175600426,1.6730070266618857,-2.0970825085582367,3.634273029130508e-09,0.0019118475249872205,2.899242506519857e-05,0.0014730885711149687,0.026484449664562537,-0.023889243037250485
S036_128,-9.0612591408984e-05,3.5665745113595175,-0.028713903716064092,2.193977403077774,41.011874683689854,-61.9071016549677,-1.4007625685046337e-15,4.746459351461193,-0.07596389262289704,2.5276284644480027,60.3933051783111,-78.5235383117596,5.5981782762294303e-08,0.023452457153072516,0.00046226218890772774,0.017327541269976134,0.3642416937621462,-0.3353761157815143,-3.0480382033548476e-06,0.24339351744065968,-0.019279105289393916,0.1680505032793731,3.8520785559176858,-3.0118710270774294,3.4537485030927194e-10,0.0028686918240566706,6.0838867289352005e-05,0.0021770614712891476,0.03693240811980969,-0.039562748596238095
S037_128,-3.0301756709956618e-05,1.4159440579563303,-0.05513918171634842,1.8198937096425059,10.194816102419885,-10.071089873931262,1.7014541267380995e-15,1.7284752197570938,-0.0647683274135138,2.0455699799788576,13.7847430708267,-17.3472626412129,1.6176612006163814e-08,0.008996649986519037,0.00020235386676160927,0.0076227546025458654,0.09780533068774933,-0.10013053480424494,-6.640682523738428e-07,0.09552788090744244,-0.02531950369508331,0.09279100675137021,0.9805078158406986,-1.0130631524188882,1.6878933038967909e-09,0.001078495280214842,1.4838240844802092e-05,0.0009442787008202445,0.011948214459626072,-0.010154746999980202
S038_128,-0.00014204418910359007,1.8766761038361544,-0.08706693477318495,1.929454525720062,31.03643821601431,-26.08637824556463,1.7486220604347973e-14,2.3750373441074695,-0.0677774067822156,2.11072816627152,40.6308342053323,-34.3880647401063,8.472119826170987e-08,0.015651406766795432,0.0003180989779909271,0.014741949058238855,0.224931690582876,-0.206037528683634,-1.7030735986105504e-06,0.1480142394138228,-0.031163930043973317,0.15155938318188217,1.8140803009757325,-2.033092525681077,9.414007463513265e-09,0.0020232679273053393,5.7348810398216016e-05,0.002170153077844062,0.027459671290698484,-0.03191448796261598
S039_128,-0.0001568458293798911,5.659703174163765,0.009109752998456351,2.1979979373108516,78.55261124582495,-117.08737057391414,5.1205616312600525e-15,8.520956416704228,0.0640910463861447,2.405014348171855,168.062286203,-167.414698067466,8.282930686491075e-08,0.03836001756752877,-0.00034892470944217213,0.010842448745751854,0.9478914609111584,-0.816871823920037,1.3587527097783842e-06,0.3910208880037062,-0.02186255471358578,0.1277605425269137,8.759934094714335,-9.624205565938588,6.9429014861432546e-09,0.0047326070271118655,6.609897221619698e-05,0.0011107272415779197,0.11887497548940695,-0.1056142740287287
S040_128,-5.548178338580551e-05,1.1422935500340996,0.0031936842606250064,1.2916644904010037,9.224007687797462,-9.255888030091937,1.2332959817964858e-15,1.6096083891563147,-0.10927313172781,1.840259452087707,11.9023928246983,-11.9375151933749,1.6638873423932824e-08,0.009165063380097182,-0.00017982480617001473,0.010937800036611614,0.07616783019583129,-0.07038446217175687,-1.0536195489718773e-06,0.08826046218652413,-0.01169067576838273,0.10801288646893382,0.7469027201657277,-0.6316329755886028,1.8463627756072123e-09,0.0011399070920039985,3.504922648504133e-05,0.0012225912078139174,0.0102015197321427,-0.010529204281349097
S041_128,-5.5427051402419745e-05,1.363471194817193,-0.06595187087995416,1.7387295487699779,10.98740521431442,-14.016429377031251,-3.462518236354844e-15,1.7026788221639242,-0.015949047073568298,2.000817391697753,14.6864651986517,-13.4803277310718,3.3991908689160605e-08,0.013134919957081641,7.20963053902901e-05,0.017136061319024613,0.09636974496330364,-0.09294882117806513,-4.1725746895007847e-07,0.11599156981440724,-0.016799262909985173,0.1500710959597084,0.8781954208333005,-1.0719288632538184,4.631597675723266e-09,0.0017644826976090215,3.742298443561512e-05,0.0026543156149920833,0.01344707902566919,-0.012108241415000887
S042_128,-2.557287674433266e-05,11.74460444241794,-0.06779395810248875,2.8053097093422923,236.0707630307873,-174.69945061284398,-7.52420324526762e-15,15.961460521917685,-0.0357139255376124,2.94178757503207,284.231417760909,-262.161817681247,1.0195569366847545e-08,0.07988189659867709,0.00020888982388390497,0.02348668719578545,1.3387441067176908,-1.622881378165303,-9.583282775506262e-07,0.8295389951034714,-0.014509612380865788,0.2188451138620413,16.319787918505376,-16.569423942327425,1.8791162508629815e-09,0.009638387854317457,2.0031255726860042e-05,0.0030322599052894778,0.15874769701433022,-0.15004996999968157
S043_128,-0.0001029350300966576,2.9370573802639566,0.02678867329038445,1.6833488743020961,42.94960016262145,-69.88811483141802,-5.8023887833620465e-15,3.9707803885389317,0.000593814339147583,2.016265139939944,70.7656923464925,-80.7897548960833,1.384005083210851e-08,0.024051800736746204,-0.00013988287893995643,0.010153882297278122,0.43609708982294393,-0.4253462183065846,-3.437663307937695e-07,0.22791715430429949,-0.019499425580412122,0.1116314136964877,3.930583667127568,-5.223474703726853,2.2505514627292726e-08,0.003063177462953776,5.7787874677431295e-05,0.0011254240301019625,0.05585625655878079,-0.053584101780031146
S044_128,-0.00021389003463360696,1.3944553800064647,-0.06318103786452789,1.6557117170791402,8.00759748154815,-9.535513963213628,-8.371716084971004e-15,1.7845907737016113,-0.034727467010843144,2.00813209764792,14.790865093645,-14.902318775454,4.420065881800952e-09,0.012026302742144404,-0.00019754713246594377,0.013250285858976862,0.08858569680168826,-0.09687943067126459,-2.611077736012431e-06,0.11233490972649686,-0.013335876089695338,0.11976424720603136,0.8061089555596055,-0.836566488596199,1.0198368259389624e-08,0.0015245512989394397,4.4387528523277126e-05,0.001705813955833857,0.012488625121885089,-0.01195550959515973
S045_128,-6.276349984725665e-05,2.9253760443821655,-0.006931938653142334,1.9474734417236776,42.399012741474735,-43.4336110255248,-9.141669461161551e-16,3.91006329289195,-0.0325328564659939,2.366750857737145,41.0536378108517,-63.1963084057702,3.0076324378353876e-08,0.016339338409652102,6.920956871353523e-06,0.010528521573753512,0.2662878776977067,-0.20890750964253257,6.910074233618755e-07,0.18435320816545453,-0.017755829380891375,0.1204619985225841,2.621973216025161,-2.5938394663001345,3.2330969559052744e-09,0.0018968452275730332,5.056812101367214e-05,0.0011251197700724268,0.030266015328634488,-0.028982316448487477
S046_128,-1.707340466015068e-05,1.745071963070824,-0.028207686226308187,2.011272120186437,15.484565341058245,-19.34513904192977,5.382968676445205e-15,2.2502545993249625,-0.005037766264334765,2.2032075226696524,27.074564423093,-24.7023406783833,3.87570740642714e-08,0.012713086888850181,-4.338652162648102e-05,0.010124040841004607,0.1408222601544713,-0.12082863574788805,4.43469984156805e-07,0.1271768591353859,-0.023202029193365947,0.12026286547724505,1.335696301186855,-1.272835875564913,-7.236267187391475e-09,0.001593424066458407,7.338330977176878e-05,0.0010535323535994373,0.01686484182695963,-0.016706182664247532
S047_128,-0.00018459484554915758,3.4670875263997263,0.0017891104233576233,2.222505863301363,30.304845843153156,-47.959140292318374,8.636142683595638e-15,4.721545163529825,0.0592790554367586,2.60869449353327,50.4776381177033,-57.8774813126502,1.0890054516063008e-07,0.024107210159004664,-0.0003238356275526155,0.010479552375018325,0.3373059290864031,-0.24134717678982653,1.756006966538383e-06,0.2441026196102839,-0.013527263334002837,0.12014823210907352,2.5029115949737624,-3.2825333396076974,1.4349124599757534e-08,0.0029765775419215053,4.1051618814735846e-05,0.0011585468636642095,0.03908827483218014,-0.03391263878487194
S048_128,7.324771319082451e-05,10.899083860993429,0.009338949871228464,2.3681988515951033,156.35186799223857,-187.1949600437797,-7.587597887369852e-15,15.43372901432513,-0.013005676294356151,2.4869484589627797,266.253146900901,-282.901995144596,9.734929465383076e-08,0.058062123835365215,3.344953428741082e-05,0.01358620845724881,0.9987647670935345,-1.109629575989377,4.65125272348483e-06,0.6738062856951217,-0.0197160045999911,0.149417255853262,11.19020934565848,-12.627946118300953,7.496801332538045e-09,0.006483486219976082,8.325572046737062e-05,0.0014392350218457553,0.12398479486539404,-0.12031916413746946
S049_128,-0.00013209884619396213,2.348967850257513,0.0035328072413612494,1.8656344880977112,22.82594931599329,-20.593228802730028,1.4301690443250263e-15,3.210471167002921,0.0496702216638642,2.2307008100146275,33.3616277393571,-26.575181324674,1.0462337041131933e-08,0.0125737985812753,-0.00026483305600263907,0.008119727684322293,0.17318998470773384,-0.21633240840291101,-1.4835290563831314e-06,0.1469658364631453,-0.016957870905074057,0.10149654445429812,1.9487583033695608,-1.7397348242451924,1.686974870550282e-08,0.0014126544470589445,4.590354134476754e-05,0.0008257354531398869,0.026506626829796653,-0.024812037574673207
S050_128,2.9735210439552525e-05,2.790153014202826,-0.07244420473515079,2.0157111422035925,26.76622476834603,-28.859345511179946,-1.3294781661239848e-14,3.7659414640589466,-0.018252143763779198,2.325539092966785,45.4450992074019,-40.5735918126758,8.163735017718461e-09,0.020543776534484047,0.0001105419430669774,0.01576192265057047,0.2152758863405051,-0.2692603083869205,1.1415553084699063e-07,0.20402257146387542,-0.01699434402109533,0.15576163793321968,2.1722776002393065,-2.5047438360044856,-9.87845723369467e-10,0.0025481365287378073,2.628823121586521e-05,0.002134521204601998,0.029673122405780017,-0.03241089894489102
S051_128,-0.0009320545819873731,9.30517669157727,0.019148337797397545,2.1897250521659943,180.21133204224148,-134.52438417496052,-1.1308381946074837e-14,13.359398071457674,0.00197702465059887,2.4687331706175,216.556099991639,-282.464725473922,3.8627677172544547e-07,0.059485358466659,-0.0002462911375143151,0.013108420457900283,0.9634723911474126,-1.0567013220263206,-8.987419357516225e-06,0.6299747148056946,-0.017754717818805388,0.13762069328234622,10.693848953573173,-10.77926824897082,3.285128827518154e-08,0.007061199231344488,6.62787029815648e-05,0.0014325516419330386,0.11428549017033873,-0.1259667887971614
S052_128,-9.220671025747803e-07,12.533411232119889,-0.07568966382139176,2.4079719914672015,172.98105622394468,-153.39654468043338,1.2824253854735008e-15,18.199772717519117,-0.0764927460358628,2.5311487355279096,290.141890524717,-263.610974197009,-8.304589255945653e-09,0.07143036776508711,0.00021331419540179114,0.0162807459635686,1.1631089676918123,-1.0911076669227562,8.194945052221178e-07,0.8087357852934685,-0.023465525386328703,0.1687875593729371,11.237934124742807,-11.635980702171839,-1.1106939433511111e-09,0.008198296413787895,2.940692425867919e-05,0.001965068672882986,0.12117618056345858,-0.14655015309126052
S053_128,-4.1645262417287964e-05,1.849261057106237,-0.003497350518334713,1.6684631347783299,19.70121186701546,-17.070094441944786,1.3293024199557376e-14,2.458414188713409,0.0745815585664309,2.15517810008823,28.9890422814217,-23.444136992776,2.177551701960545e-08,0.012587156870555137,-0.00024493457980613934,0.00755324892681309,0.1167753630928332,-0.1274546899732103,-5.853496399985235e-08,0.12841959205784872,-0.01474220724256492,0.09128065431120275,1.236932643066477,-1.0953091051288282,2.431189745199792e-09,0.0015636243180395502,3.908873317329947e-05,0.0007950674608932645,0.01616357778449029,-0.016121408863596365
S054_128,3.7705142127340426e-06,7.275318527752376,-0.007373254326383093,1.8509871025742735,104.77154708201698,-108.56098979572548,6.963128749862757e-15,9.988768665992655,-0.0029599978022162854,2.210372033279538,125.574714800682,-160.882831417124,-1.2724951050084587e-08,0.03478397526916693,-0.00023052065119225085,0.00638371658382356,0.6362218141814715,-0.5808332170123371,-6.380980127384723e-07,0.42422499814666176,-0.014005222662293839,0.0890352430567801,7.161180379527364,-6.781417893155091,-1.3188927076091063e-09,0.0038712858601081448,3.356330835876942e-05,0.0006562500368633064,0.0636938694990139,-0.058714005849280104
S055_128,-4.2147547715994725e-05,9.027229432356192,-0.032603958391425755,2.2017431838315193,175.16029925862847,-166.94483763439564,-5.328738937142785e-15,12.358668962356596,-0.0108200541477271,2.44486185423911,217.721571140662,-230.38922231526,8.93078961834234e-09,0.06418901280701514,1.685030693732159e-05,0.011545507745661397,1.6372443087774045,-1.5533024106438305,-6.392883134189436e-07,0.6332641556076017,-0.019416376440505867,0.12652485249329037,14.752412656515597,-12.334503246682509,8.28430217022665e-10,0.00812673656362588,9.572047919223503e-06,0.0013810069005528863,0.21670076426201357,-0.19173730741886352
S056_128,-9.126956730740537e-05,10.070471294196974,-0.030133215067754286,2.570633265241004,198.20425163672735,-231.96104925098484,-1.3058656610660286e-15,15.034452512107881,-0.0114107710265431,2.6946474965647953,278.648462413994,-335.001408889145,1.5866058187543666e-08,0.059150897509472,-8.310770335188955e-05,0.015078830598509414,1.6298623069562979,-1.985695688892143,-1.5435888280785865e-06,0.6631499943112367,-0.0199780123334369,0.1623070871778901,11.775280209926809,-21.377771330389244,2.092605860964956e-09,0.006830933751403206,1.8218375384873977e-05,0.0017883613126356652,0.23404119647987542,-0.21460052474335356
S057_128,-6.173651800059471e-05,13.43943522964864,0.014995908487627281,2.972289441931193,178.59144345964404,-179.88627417153384,-7.627087896733674e-15,19.98883466475615,0.07935284216042926,2.8321846346317905,298.823877904224,-272.459208350864,2.2555769630709934e-08,0.0845384163588688,-0.0004515405877691635,0.013985831563770125,1.792274041950094,-1.4981671670926886,3.2057916918893493e-06,0.8907722555306976,-0.02002321159207962,0.1690432994462277,10.782627852265211,-17.85870367221802,1.046338494891463e-08,0.01025229039044855,7.4984343217184e-05,0.001490756506362283,0.2239503172408206,-0.1987636218476876
S058_128,-4.087515373222368e-05,1.3218734757465633,-0.0008021237589807897,1.8474998025640712,11.071056750612522,-10.303868179337709,-2.9978242110928475e-14,1.7078832652596334,-0.01278211765694795,2.123899550169223,17.0470771862086,-15.3932334063749,1.4728819543376254e-08,0.012083023788355584,0.00019349367531871706,0.016251330648797843,0.10585835156740808,-0.10945542363626526,4.5262274716189325e-07,0.11509010244377436,-0.008874911621669673,0.16551341323626173,0.8853276599404305,-0.8182422291370601,2.458875427176563e-09,0.0014635832518544814,0.0001737668963023662,0.0016411714630715953,0.013962425453889094,-0.014006030357387678
S059_128,-0.00010244268136874037,8.729868300953719,0.011947633887694473,2.288111975592088,130.8501765192126,-133.12133618137472,-1.723395254839827e-15,12.843765595038265,0.05747233138522275,2.42326563828411,233.910772691214,-231.7991693876,2.6332663748107476e-08,0.06617908691732476,-0.00037620242247476954,0.012181783854072665,1.0995024850378563,-0.8823023739073479,-7.451262522469782e-07,0.6398251230289769,-0.023280703221211674,0.1379393486402496,8.332021465985898,-8.783159699187932,1.4970841984201531e-09,0.008373772245989283,7.12110536693622e-05,0.0012879399222040927,0.1357695487362296,-0.1377565085344199
S060_128,-3.934044921602142e-05,2.5093307176860695,-0.05260984207308822,2.042466847397446,23.405851881977956,-40.62654844331398,5.027292932034813e-15,3.3732398187194192,-0.0651952602622671,2.364384361558267,38.2677648085573,-47.4225563863589,7.1059713295077816e-09,0.016898615659897934,-7.199911578757712e-05,0.01352072688604383,0.37440063622554653,-0.24115547149105687,-1.3044447090834594e-07,0.17489644203122115,-0.015106051946566123,0.13571442061777605,3.2664497639807557,-2.9664829193018463,5.06042912375821e-10,0.002034012287190475,3.578240180570399e-05,0.0016520910401238288,0.04079400528352295,-0.042004203352022706
S061_128,-6.7007634684505355e-06,14.757675966290714,-0.048730694786297164,3.2043433054182113,164.66292675413945,-236.19260648545634,7.644549226474043e-15,20.17146975371577,-0.07008937160317236,3.02263480432111,244.504194396822,-290.432418523929,-9.032357945291318e-09,0.11226181115286858,-0.00012764636083546083,0.02220610036838328,1.733551856170294,-1.313629583419619,-1.1276371384718484e-06,1.0926330915920197,-0.014398212368289129,0.22493115224465515,15.17402136884311,-13.59004784271286,4.0314133437713276e-10,0.014164977896650935,3.0938726242664416e-05,0.0026939649243745527,0.20270635290243977,-0.20639313860835884
S062_128,-0.0005011361809041517,6.290314115280526,-0.07545905146864608,2.0460874099758106,113.90265411127513,-104.44498414696537,-1.2190690542021335e-14,8.591700005125304,-0.0847095043183069,2.24019525595312,145.063061288172,-121.936422994889,8.131734350622396e-08,0.03583255197611137,0.00034318803748863147,0.01849861475512872,0.6110907796845311,-0.713913417805216,-3.55559856221508e-06,0.39992583472757015,-0.013817732175121722,0.1634426940833219,8.458716054354861,-6.981792768357849,-1.7376139521745694e-08,0.004167284487180234,2.2814786936442566e-05,0.0026231251223219933,0.0639480319430692,-0.07363257727177608
S079_250,-0.00356325876470169,8.322898674668753,-0.029967771363012288,1.8534273403628756,177.88691154115386,-223.98598155235737,-0.3516196590270893,9.991531084197227,-0.408282365159119,1.9803688685750371,263.292060210668,-325.126658107846,5.397142454332198e-09,0.01571741666890536,0.0001648206962808472,0.004094169377736757,0.5235276923362431,-0.48051361805375126,8.206765201579319e-07,0.3168981907162822,-0.009709206510544278,0.07820531902787858,8.844300309369896,-8.819171669007025,6.182145967061147e-10,0.0009602822054406669,1.7300243569548415e-05,0.00024318017004217713,0.035163900421109395,-0.0310620144575236
S080_250,-0.0012442374260195725,1.7996099942350108,-0.060865838076015547,1.7253234250157505,20.073939889108843,-22.347657745766455,-0.10136567635991743,2.2008764372790677,-0.139206797342865,1.9204921914265323,28.6636902519241,-29.6923562297004,3.740423770295437e-09,0.0036307181267381614,-4.5599582394923095e-05,0.003528666872561751,0.042936720709268905,-0.04583695188448983,-1.01262028314292e-06,0.0706279954993825,-0.006970066308329817,0.06520832084462747,0.9541663680180705,-0.7906525267099598,1.6322276372134644e-09,0.00022234743615243984,7.1146959749898925e-06,0.00022537736147543145,0.0022990125852740857,-0.0027725265734631875
S081_250,0.0005004265526226395,1.6415122193428304,-0.07071983487180983,1.810861734262843,22.783047847202234,-18.182761089594916,0.05289926447810984,1.975606197634805,0.0194879878715215,2.012185234514056,32.5381571170275,-26.0582724318451,3.156081524676585e-09,0.00332828686468858,-2.5333235214180703e-05,0.0032169976040171805,0.04043414504816664,-0.04958134170424611,-2.095725329518716e-07,0.06431931967932054,-0.009960868771985484,0.0642918578216366,0.8230320343364056,-0.9015584091248503,1.0899672765155763e-09,0.00020830290268363782,9.071981600071444e-07,0.00021768382106936369,0.0034380083036793657,-0.0028032692954560803
S082_250,0.00036132187903939916,8.505595149568691,-0.055652401966360523,2.6158489647598904,108.97408652161285,-153.47716863500042,0.036006404408694806,10.918953632106264,-0.000655233396888254,2.7698418381382552,150.783553160306,-239.696214166456,3.2924604663269064e-09,0.015244860748275567,-2.0564203594794495e-05,0.005197004779416501,0.46157073910321733,-0.4136162453814243,7.051484571785257e-08,0.3083688136032282,-0.00880474372094174,0.09824749634620092,6.123025851376779,-7.463842052951325,-4.856102837585897e-11,0.0009276772383916173,-3.186120704393278e-07,0.0003246106977524469,0.03048061060164428,-0.02924606884583572
S083_250,-0.0011508994630576538,1.4653001146003386,-0.07100427615459175,1.7309202414233504,13.158262474524019,-11.564081929186383,-0.10706754843686501,1.774755310708423,-0.139106536373227,1.9320401199105937,17.4486922629015,-17.351318066854,3.762692651227772e-09,0.0029719843667322422,1.5054871582598705e-05,0.0034032867063990323,0.02045640464332496,-0.02179216759047692,-1.0590796825266215e-07,0.05734456150493808,-0.008619029411907533,0.06661219550290973,0.4391443284043901,-0.48895941740843557,2.950155060707784e-10,0.0001872587044607327,3.9097455170996253e-07,0.00023719091477167746,0.0014344006030247367,-0.0012442885527183586
S084_250,0.0008925211004054298,15.622186826488996,-0.05268694092889578,3.150576803260048,265.21318057158913,-250.64048965739886,0.061295554090606955,19.443266972471253,0.00789562369528395,2.951155530417215,342.163096066071,-368.501646993993,-3.179518449587933e-08,0.02284735969604367,-8.823151424569879e-05,0.005702169979408334,0.4964648260516791,-0.37114860607600786,3.3499953633181947e-07,0.5249111320463679,-0.008408138838876122,0.11524979715420107,8.232840303641385,-7.487043551157733,1.5306248813678634e-08,0.0012469176178342817,7.3906073087731715e-06,0.00033974280477382546,0.025556790609918945,-0.03339665582074153
S085_250,-0.00012382377385397998,2.5925486285414516,0.006468122361363271,1.9963456609891836,25.08934422387358,-32.78140867051306,-0.007921288104818174,3.2992624068399117,0.037322145002660595,2.1311816770553103,34.6106464329561,-38.5403858485909,4.187979254008409e-09,0.004312746801702108,-0.00012185801414453827,0.0023054656392830163,0.05658455251999833,-0.044504302797887474,-2.1838668942327112e-07,0.09230235644860349,-0.010624469439222455,0.05781394307538726,1.1170590592983294,-1.0178708781138648,7.264972909860359e-10,0.0002506143559665388,8.110107051885452e-06,0.00012419200705817866,0.0028085907029171304,-0.0029514478213593653
S086_250,-0.0018365580750972135,11.946012793560381,-0.07947346681966375,2.36848944491452,194.90841559467884,-196.41925134790452,-0.25665258769722815,15.32922657389916,-0.38053181633993,2.4437741403350897,181.699267376959,-225.139558638499,-2.552084980034058e-08,0.018047230887968557,4.8316249716001854e-05,0.003626129259337829,0.2286708168855336,-0.28942738189566564,4.831752161009983e-06,0.4170590449660472,-0.009584146464966812,0.07595266234616192,5.570167813127243,-7.499764293194319,1.2294870071213481e-08,0.0009379107743246024,1.6572179376116028e-06,0.00020219265941267417,0.012635410528870003,-0.012147883830506287
S087_250,-0.0011976549148361912,1.9001935821660783,-0.0754083751473325,1.8884890017618905,19.673403965337403,-21.1792712054295,-0.11178616743425569,2.398788346909496,-0.16772341346186848,2.092390148591501,24.9989434172176,-28.5323700980201,4.15848746566333e-09,0.0036863726181002006,5.051621340779839e-05,0.0032438369819881028,0.04462276661428344,-0.04259470493248052,-1.3683807059434432e-07,0.07323768935315297,-0.011678948866430165,0.06624084687485451,0.8091771181505163,-0.8138852254559203,3.989153985686238e-11,0.00022758015152082474,1.3006782332524152e-06,0.00020524063978047714,0.0031241820957848155,-0.0025906405576680436
S088_250,-0.0012766191272668304,17.65884303729287,-0.06494628670595974,2.235093908799342,340.4277734961873,-246.92982964973075,-0.11882844418047059,21.35441344789331,-0.14424154754858298,2.3974949665239222,459.441418214599,-335.495523721958,1.0655397815714353e-08,0.027095945809636444,8.036677740883274e-05,0.0053285667288635735,0.47120100872531934,-0.550560928121441,-1.030837550686946e-07,0.6032654754275282,-0.01118012679324713,0.09510544112218848,10.426122223640771,-11.165719771798276,1.2655464031407923e-09,0.0015076161731894958,6.226771338144199e-06,0.00039238184086065196,0.030137403632868293,-0.03151475435362178
S089_250,0.00037050565402769976,1.4696738583356663,-0.0901454731539779,1.8848130925514197,11.795637884152768,-11.265587302895907,0.03450880340837356,1.7657677726178083,-0.04467068928965645,2.043897722490996,17.6298852799343,-17.9912033979299,4.425989002988934e-09,0.002888676510615288,6.976217750606596e-05,0.0027570455488110874,0.025567311698039136,-0.024788774174065623,9.718977371537819e-09,0.0565308990378143,-0.013440853030572242,0.061124933019124236,0.4723418498056978,-0.4889534157665505,1.4688639503220989e-10,0.00018165546070418327,2.7143361772319005e-06,0.00018119062567879948,0.0017360462866101416,-0.0016216654411726188
S090_250,-0.00038493408379185174,10.399108057148087,-0.08193106825089685,2.3717067112662145,141.01393615020015,-164.9523722953766,0.00976079826019722,13.281771447788797,-0.008739206117182534,2.4827331343987096,194.997945971375,-199.524783581721,-1.8497020464332394e-08,0.01636612390972414,6.016761389392774e-05,0.0032451671257253396,0.3716456817611755,-0.3860224912197088,-3.208139136195183e-06,0.35777177175898583,-0.013060584901896079,0.07148148321630854,7.510405992739052,-5.907153717670884,1.1110021008405907e-08,0.0009419456289643691,1.9459856198283704e-06,0.00018381288384104017,0.021895804401379032,-0.023656758636562247
S091_250,0.0007047452190015726,9.301730581321396,-0.046601311125609265,2.6340880313230564,115.79573627207752,-117.81219835984804,0.07087499847632109,12.314266619220703,0.044993383802966594,2.80852862952206,162.17402648049,-141.714875581934,-2.1896140601259293e-09,0.015977043108330053,-3.87619908425456e-05,0.004217825414211155,0.19047493627221102,-0.18668415440101205,-1.818414506783055e-06,0.3369034567410555,-0.009277049948172219,0.08779480674151346,3.591568399804734,-3.869066498373041,-7.325143045134805e-10,0.0009385447238891236,4.78569727185808e-06,0.00024072274982763945,0.012144614714763732,-0.012828560767579149
S092_250,-0.0004136850396592025,2.4141866146105824,-0.032469525865948735,1.9166022989234626,21.644058918572323,-28.247289922369717,-0.03835467852195264,2.960902246578979,-0.05402362926946695,2.1030068258888726,29.7140807786285,-33.7126317085806,4.4016120920090415e-09,0.004497888597888731,-3.257808279595858e-05,0.0026350846766553535,0.06780114149070521,-0.04701231367233749,-2.151158867855026e-07,0.09019113355802487,-0.01099290887503114,0.05667131234211254,1.0588656424870908,-1.040920621541277,1.7733499419173845e-10,0.0002744963275806784,1.4033707591163064e-06,0.00017268767412482802,0.0039494985868902335,-0.004124856403677591
S093_250,-0.0003132394831292432,2.1568405078546817,-0.0637905861782285,1.8350131369878921,23.050116155915152,-29.737705137987422,-0.03366737356386977,2.7581611235254675,-0.07537364895965384,2.070161969434028,33.8564539647333,-42.2506648810502,8.532566562182339e-11,0.004765117646162022,1.4153768015559391e-05,0.004632883447387168,0.05889044759760137,-0.0534636329043488,2.4406006786354666e-07,0.08796545561924532,-0.00645191148552177,0.08110577598967125,1.1656228724389246,-0.9772579877126899,1.2596891611526152e-09,0.00030722556394057544,2.905001840169415e-06,0.0003250392643978714,0.0033085659180308903,-0.003461425323295698
S094_250,-0.0011877782041746325,7.904482550285285,-0.0790046651306325,2.2034514862041297,125.39445979303397,-102.4224279722916,-0.11503874535700598,9.678798334200929,-0.146096707754827,2.387082598651385,145.775741107732,-115.026132950046,6.697469913998777e-09,0.012307321184600949,4.1164705137450384e-05,0.0052686832088731424,0.16914023598493927,-0.2199331199877883,-9.846835124967868e-08,0.2738361066703569,-0.009277426849973621,0.09430262629914477,4.40463552347918,-3.5923381873596387,1.2286265143547212e-10,0.0006917491106980975,5.004170986057854e-06,0.00037616217569327046,0.009735964933523689,-0.012614074721078561
S095_250,0.00029824569853901893,10.04921723427994,-0.09603451284908365,2.309301073219385,261.3039257321422,-181.40101251830166,0.03368432049779403,12.20140251968488,-0.0408113761132581,2.37997430692428,355.435669655719,-259.977161256207,3.3882569396415095e-09,0.016517351608689515,8.130845234390754e-05,0.004333776950893308,0.459608777586733,-0.5622792412285538,-1.075548492239283e-07,0.3541036849553419,-0.013498771149718529,0.08618113013352761,9.500581366393504,-9.05670889471456,-1.963577472729245e-11,0.0009580756778936347,5.217649889867684e-06,0.0002719231846400799,0.027666910801931538,-0.03741245138449831
S096_250,0.0004370244672606248,15.180848357212941,-0.06075738464487185,2.275329662187746,233.05989179719106,-174.09628037976827,0.04876737599934289,19.531206272779045,-0.00634327119723071,2.3748179794397304,286.376456480258,-206.503243409837,4.1602984365612934e-09,0.02561664062410188,-4.179579532163132e-05,0.0040748121461379235,0.31414459960284224,-0.474855811479701,1.1485818618786306e-07,0.5453577984463106,-0.010311518502124802,0.08158132281145591,7.9454628942750105,-7.927890701781294,-2.4979866438696074e-10,0.001485188578047598,1.6110264951964943e-06,0.0002664864498383041,0.026364846080962318,-0.02486546109592011
S097_250,-0.0011119558242586956,1.283730653267775,-0.06293144918344781,1.6400068253242175,8.58557500025093,-7.888444762706875,-0.10292116384514027,1.6351663084883807,-0.131171135046914,1.8855693336285473,13.5733161795853,-15.4304884688595,3.416697498990623e-09,0.0028812287978670654,-1.530737498079554e-05,0.002832995681513747,0.021222560349770242,-0.02022758019875137,-2.4636806114731116e-07,0.05300801661838868,-0.009553225169639322,0.056543437625377516,0.37184256537235705,-0.3417627998808897,1.08778306345831e-10,0.00018663440651583922,8.790519912431414e-07,0.00019074811213065643,0.001414950163963325,-0.0014845881212136106
S098_250,-0.0009898444719966387,6.796836131770341,-0.045419646621548126,2.33713921865528,114.89632073134412,-114.23900453481161,-0.04406924499927422,8.561720660576857,-0.083418651791599,2.5153259440516025,142.041567134178,-154.322006012266,-6.248555451942892e-09,0.011027805382467483,-3.56198812672022e-05,0.00401870386615532,0.15270387754506665,-0.18868193136244304,-3.348815576000761e-06,0.23732049761038593,-0.00815227903274907,0.08032089061309453,4.626380040399214,-3.5596265955741924,4.877219322910783e-09,0.0006538794172127397,4.808946597493775e-06,0.0002370615051170837,0.009772014601115805,-0.009696970459526541
S099_250,-0.0018907738525321667,2.2797864850109635,-0.05769870734791607,1.880908144701955,26.080828085125866,-28.126016664408915,-0.18129804136200317,2.9495606046355864,-0.223087888650748,2.0968236330102914,35.6135060044551,-43.6242762626726,5.136542363889832e-09,0.004948251309017283,2.1478725709645277e-05,0.004227940675523195,0.055474807823972405,-0.05328526437290271,-2.395422991073263e-07,0.09191307175997722,-0.005829535850202993,0.07776213978106138,0.9519746046164062,-1.1176373529895347,-8.625522573235407e-11,0.0003189478065766287,5.072443741665816e-06,0.0002826623092779994,0.0035429897098061694,-0.0036829515732775785
S100_250,-0.0015845767322150725,3.2388814630297786,-0.0749993906878086,2.252094692140087,29.648709311851697,-40.66416698007535,-0.15040519094629318,4.493303016161577,-0.184690144099667,2.5035936909784526,61.7942711383433,-60.3356225420841,2.3170291961196403e-09,0.0076356676430801825,1.7885661296958852e-05,0.005392920647344706,0.08896845659647767,-0.07476540086990552,-1.630074530602352e-08,0.13703749130211385,-0.00730466385388578,0.09446100091361045,1.5004390910650804,-1.7165488932930875,8.524517947435705e-10,0.0005087287248342425,2.3953324086293696e-06,0.00034983989510840624,0.005274603224227525,-0.0051831652526838235
S101_250,0.0007493309899797067,14.928432344518052,-0.07715878453080688,2.2998584279957113,176.65235693445516,-208.49923812457223,0.06300770365031926,18.731761978407956,-0.008612227976550655,2.46582186994747,219.758255519954,-248.274792948582,3.7885119090466344e-09,0.02441881304140042,4.833160731741379e-06,0.00509407129651796,0.38606474675456104,-0.3164049103235844,4.1736419458311066e-07,0.5293940835362851,-0.008227798078959934,0.09399586702452642,6.732412786104579,-6.824586608247504,-6.967043087752393e-11,0.0013982096051632922,7.257350025235943e-06,0.00034910525607104534,0.020944827697301355,-0.018072502597009238
S102_250,-0.0005768649247978679,15.128747740655015,0.02450952957093542,2.1455262497963052,391.0545858502311,-371.85725814627585,-0.04462036057728451,19.70528217130631,-0.01913096802989555,2.3065931895514575,438.747285434494,-376.702379097499,1.741501779887407e-08,0.02412215453512437,-5.818292485234916e-05,0.0041174213288179716,0.6176079398482779,-0.5291011655001601,-9.63355237078521e-07,0.5437673293068848,-0.010229067402868858,0.08233133663776376,14.176693745625773,-15.085748218512656,1.6248649152890262e-09,0.0013211823490636204,1.1642847563679744e-05,0.00024157799589180184,0.031051701602601095,-0.03183390087415025
S103_250,-0.00010256275480870607,10.354761678233462,-0.06807590563421184,2.288376096895248,139.743217160985,-188.83310740538653,-0.011132298139518427,12.581433535565571,-0.04205538603993825,2.51994862235891,192.197844076788,-229.499471030123,6.341641411122904e-09,0.015113195100324462,3.3885764438202834e-05,0.005600431242049918,0.3914155219375166,-0.2613647131335139,3.4805341658432436e-07,0.34496975370704214,-0.006283594544171918,0.1008836211797354,6.079726193714581,-6.742548344001002,2.018103135634306e-10,0.0008356072772380545,2.1162299053658815e-06,0.00040188079825205345,0.02280741436469294,-0.02097308531952735
S104_250,-0.003070890198722445,10.472379788041952,-0.05800828536292856,2.0392226555882407,139.31413966827552,-183.17601019865174,-0.3202659448897451,13.020149287090932,-0.393535955084921,2.148177679029157,155.01501974023,-186.249765869411,-1.9751941605538863e-08,0.014807323052590131,5.947327926464027e-05,0.00448646120027087,0.20444709325291655,-0.18499186804562795,1.0289684733104703e-06,0.35128121820109315,-0.007433333207547643,0.08389145175554828,5.7014504065042,-5.057404431791696,1.4825473223845862e-08,0.0007687031614530856,1.1666423107707148e-05,0.00030999444260018216,0.010823232976318153,-0.012258260908341728
S105_250,-0.0017846628605035148,3.4391915772051895,-0.05069916251083548,1.8383482591981823,46.69570082495461,-55.08296337910698,-0.1660130578611339,4.312462571919959,-0.2497156293183455,2.0564881132112958,85.6927418740658,-55.9888592524477,6.201784151358321e-09,0.0059884659423856046,1.3806023814375706e-05,0.00354397649358719,0.09691735365772092,-0.08375753811324016,-9.12389004788243e-07,0.12403384502878209,-0.009123227038781326,0.06884707860018294,2.1215000550570178,-1.6742133623836046,-9.498920472264527e-11,0.00035607526816218974,3.323353302656074e-06,0.00023812522276086398,0.005684809715878158,-0.004799957359249582
S106_250,-0.002645474812970787,15.048896104895782,-0.06637693511471701,3.2010494302140233,136.1223780982935,-166.37366898020514,-0.24948424177779424,19.254026241873387,-0.318053319900999,2.6099925465273026,188.522395675746,-294.01801680123,4.994444454676536e-09,0.027394347758858618,5.120840225604495e-05,0.005534337960349364,0.40113511381637856,-0.32477347154012576,-3.144128722804999e-07,0.5593578814212984,-0.010812333118633041,0.10778217095617286,6.625059692697938,-6.194662196862922,4.755413682502026e-11,0.0016489929515808616,1.2386579931520205e-06,0.0003236333522701377,0.022768356941672965,-0.0266528534377624
S108_250,0.001643281859083111,3.323279801614182,-0.07622573303291375,2.3980280439696418,34.7504743922108,-32.25077457475228,0.16283937224230471,4.082120343190532,0.0872402849033228,2.5498981379246173,46.1194089196427,-50.7852800144658,2.831135837342168e-09,0.0061693910317314055,6.398616499499795e-05,0.0031331519402332557,0.06721008344431387,-0.08775521543165876,-2.793598243917334e-07,0.12435149125141429,-0.014549986139065649,0.06903588283579265,1.3036621542448774,-1.2591951325569064,1.3175275229987047e-09,0.00037787917406713437,2.4055261431829783e-06,0.00017813794294414733,0.005761677228127753,-0.005823714971412094
S109_250,6.097618946363146e-05,6.757683019631252,-0.027355861755281194,2.0660103422567593,160.04012207180642,-148.8228036691632,-0.016790257100454748,8.703491534730782,-0.026494938779412898,2.269141094195385,158.96371792952,-187.131466839757,-3.1454330856654776e-08,0.011102998684124739,2.6666245198289033e-05,0.0025018992685882776,0.2050831087644207,-0.23231018230994138,4.188944459127605e-06,0.23762551219423597,-0.009493153416687276,0.05627744976814317,5.821683194361994,-4.383562144582229,-2.4234630748494816e-09,0.0006445698927497213,1.0427598947895092e-06,0.00014971625698276375,0.01070461003359445,-0.012229290131830786
S110_250,-0.0036196558348437166,9.10070066755362,-0.03190487732112916,2.168415205018163,107.65234107969013,-135.19141182973547,-0.31876172630994076,11.46568614824313,-0.4015975854792,2.3596636639300885,152.973543288019,-184.919564108935,-3.4077569992962964e-10,0.01655546975684635,5.516610492973194e-05,0.004730301723756457,0.26401733790055637,-0.24866777095554382,-1.6075334202476792e-06,0.3381415913405318,-0.005332631168131135,0.0884003969887635,4.861307317060834,-4.593109421455245,3.6164731899871135e-10,0.0009955353866053797,9.042832198091863e-06,0.00032477050207961594,0.015011578239289267,-0.015863579309542478
S111_250,-0.00019335199580800387,11.465287890608371,-0.07060631270261634,2.830693340756872,163.19327592271412,-189.68149238800163,-0.04743981393673701,14.518076239030565,-0.0867992203197698,2.747465540523855,174.397122252829,-188.625300853436,-2.4504360927890545e-08,0.016829543338879798,5.6143843126698484e-05,0.004292414345655611,0.2849557730890053,-0.2475673976637527,1.417218453822776e-06,0.3948994787369558,-0.014241677055607343,0.08857407539759013,6.708067283182447,-6.513567136730989,1.3593109093291467e-08,0.0008684927954560442,1.2332576489402212e-06,0.00023015276159910509,0.01297137032093909,-0.011653372918393669
S112_250,-0.000763522788300853,2.9546130642891217,-0.08888979358997591,2.0286018324451307,45.50996466051254,-33.93398737313796,-0.06815272376297271,3.727692946701777,-0.1443039211839805,2.167801318014985,53.3227973013956,-46.1831000226259,4.97327170200944e-09,0.005082882553188413,5.866426850919095e-05,0.0031667615351743048,0.0738117888799642,-0.06835301247813164,-4.151699104994242e-07,0.10731669411531883,-0.013543496076385508,0.0672122352851664,1.4927458689375628,-1.2966013459065449,3.241553118901142e-10,0.00029638716213785187,1.272390103979526e-06,0.00019535280550521178,0.0040273019471638895,-0.004250935638039473
S113_250,-0.0014243435580356986,3.0353639886717287,-0.06480289099581418,2.0188740938920007,33.06777897866302,-34.77103985037753,-0.14014134980556692,3.906847992182084,-0.2035019176864885,2.266526225752735,48.316644313783,-42.2122378865095,4.67139686369849e-09,0.006272846057443117,2.940610096404555e-05,0.005048469979274139,0.06728688349138029,-0.06019524874791779,3.129108884090432e-07,0.11985641683227281,-0.006011609956774372,0.08980940105021344,1.1497561773746927,-1.3348787688594288,1.1993160863306275e-09,0.00039660577481930406,2.693149283080563e-06,0.00036967393784045823,0.004363029079380458,-0.004598681843599663
S114_250,0.001384778555592828,6.8020437385605925,-0.036168826958468944,2.4029357956431237,80.05718116151421,-99.32968069490938,0.13691284750945198,8.60884434065626,0.118771760764544,2.5940089110760876,92.5283467953279,-113.901773721001,6.293699276737418e-09,0.010175260330773764,-1.3335699597711963e-05,0.003537038782947856,0.12850839542392056,-0.1457565332310231,2.6494403174311583e-08,0.2306708800707113,-0.011039973625471593,0.07581270148703795,3.4136636621820617,-2.865380124471181,-2.2393050434733154e-10,0.0005552079620984263,1.7379696326730093e-06,0.00021476238030652657,0.007022824083615445,-0.007787726657805208
S115_250,1.7727915570269866e-05,2.2375630269060798,-0.07557015869789424,1.8324106602166046,36.99405875631861,-38.63682145707062,0.007084106907654272,2.746643611335561,-0.032947542104848945,2.082543901185833,51.4142940688412,-43.1985010869179,3.018311382090932e-09,0.0038619986070465282,-6.523183427845861e-06,0.003638214011021502,0.0651853792184372,-0.059881667055839694,-5.5615952469858266e-08,0.08150764685474561,-0.009386809021537242,0.07005800161414581,1.1623486501222793,-1.2120896344306373,2.7558572439150925e-10,0.00022582581880923778,1.9561411054691124e-06,0.0002511300730430622,0.00339513026162345,-0.004383803916072612
S116_250,-5.413841918373036e-05,2.1154612629096405,-0.03463590663379963,1.9337980122294747,26.573753361807114,-32.20701936808245,-0.0027216260596082224,2.652006225739768,-0.037303784189058345,2.4518563099066175,38.9875143671387,-35.2451631772935,5.613226992606878e-09,0.003765556627079791,-1.931855714957327e-05,0.0029798811793866186,0.05318510999337639,-0.04376095995055507,-2.1837491242431877e-07,0.07817758885236827,-0.009051505250751667,0.0625077395369378,1.0764980560502009,-1.1425437221905446,-1.334612536902869e-10,0.00022234426634913253,3.030213994008504e-07,0.00019413902008028766,0.002595783697684529,-0.0026274080576576472
S117_250,0.0002580195709417996,1.2951243023635435,-0.07405555085157019,1.59376095105917,8.446485545432031,-10.914093096097531,0.03168647031568505,1.556794104642676,-0.02910167869395265,1.837530892147473,14.7473857054773,-15.8006140543491,2.062183647477616e-09,0.0029047818978122078,-1.9540525073832686e-05,0.0035925008099030346,0.023169791824742145,-0.023266905332117102,-6.047355032900109e-07,0.053529065215033464,-0.0072869320377100125,0.06201444543495837,0.4275834005363933,-0.4033280191541121,5.721651235555871e-10,0.0001850005772884232,4.632129895669991e-06,0.00023683362875138596,0.0017768593914529712,-0.0016343550264194305
S118_250,-0.001299843485120195,3.3236000408554056,-0.06941402242562447,2.036954465474941,39.160683237128495,-42.212488040630234,-0.12465650640201391,4.024557371086537,-0.191156929654856,2.23208285423375,47.6379133945871,-50.8640359289681,5.679905098972337e-09,0.005595503137630408,-3.2409796735547933e-06,0.0044699932435626035,0.06223711988670039,-0.07005616944126192,-2.4373450943910016e-07,0.11865540250982685,-0.006770563312984193,0.08330046955304835,1.4377582410434435,-1.302615285808748,-1.5845169679876014e-10,0.0003292782928196669,5.083740019987148e-06,0.00030563967470588905,0.0034395492718017305,-0.004390350356968928
S119_250,-0.00018095419421300588,10.10619111000416,-0.06678087027164874,2.436720674154892,116.8750142555931,-125.63896375010985,0.034737632461631425,12.605353022896848,-0.0105487119533395,2.657369438318935,149.778554595319,-173.466111938214,6.386762491949814e-08,0.013537283241966406,4.9257189448777446e-05,0.0053736944098424465,0.2473588004567826,-0.2265305893653209,1.0905633312975058e-06,0.3285879915439826,-0.0078867322017079,0.10001200896126045,4.3468751254144316,-4.361947160188993,3.993534008254966e-09,0.0006960477011858285,8.027488244683639e-06,0.00036233725726017845,0.014398018965220805,-0.015874404935673284
S121_250,-0.0013252727647106082,14.232932069017895,-0.061622241829111274,2.990493004934982,137.8232197866554,-130.29407221930916,-0.12618356794465346,17.490880155124348,-0.176965868430819,2.8795050978130625,157.935465928441,-184.33927504683,1.7228461979088313e-09,0.021026512027047937,2.7851882090230463e-05,0.007173066563977364,0.23992727167822103,-0.20665181313454584,-4.994143046963205e-08,0.4836683232787097,-0.006523171131643513,0.12403741184232914,4.8872155853524575,-5.5052988324726,7.082866884068385e-10,0.0011301490765404318,2.2876136595028924e-06,0.0004731884200429212,0.012247285075505585,-0.011993302015128438
